Foreign.Worker,Duration.in.Current.address,Instalment.per.cent,Guarantors,Concurrent.Credits,Telephone,Type.of.apartment,Payment.Status.of.Previous.Credit,Occupation,Purpose,Value.Savings.Stocks,No.of.dependents,Credit.Amount,Age.years,Account.Balance,Duration.of.Credit.Month,No.of.Credits.at.this.Bank,Most.valuable.available.asset,Length.of.current.employment,Score_Creditworthy,Score_Non-Creditworthy,
1,2,2,None,Other Banks/Depts,1,1,No Problems (in this bank),1,Home Related,None,2,2799,36,No Account,9,More than 1,1,< 1yr,0.914,0.086,1
2,2,3,None,Other Banks/Depts,1,1,No Problems (in this bank),1,Home Related,None,2,2122,39,No Account,12,More than 1,1,< 1yr,0.784,0.216,1
1,4,1,None,Other Banks/Depts,1,1,Paid Up,1,Home Related,£100-£1000,1,3758,23,No Account,24,1,4,< 1yr,0.6,0.4,1
1,2,2,None,Other Banks/Depts,1,1,No Problems (in this bank),1,Home Related,None,2,3905,36,No Account,11,More than 1,1,< 1yr,0.87,0.13,1
1,4,1,None,Other Banks/Depts,1,2,No Problems (in this bank),1,Home Related,None,1,1957,31,No Account,6,1,3,1-4 yrs,0.806,0.194,1
1,3,2,None,Other Banks/Depts,1,1,Paid Up,1,Home Related,£100-£1000,2,2647,44,No Account,6,1,1,< 1yr,0.892,0.108,1
1,4,4,None,Other Banks/Depts,1,2,No Problems (in this bank),1,Home Related,None,1,2337,36,No Account,36,1,1,4-7 yrs,0.688,0.312,1
1,4,1,None,Other Banks/Depts,1,2,No Problems (in this bank),1,Home Related,None,1,7228,39,Some Balance,11,More than 1,2,< 1yr,0.786,0.214,1
1,1,4,None,Other Banks/Depts,1,1,Paid Up,1,Home Related,None,1,2384,33,No Account,36,1,4,< 1yr,0.29,0.71,0
1,4,2,None,Other Banks/Depts,1,2,No Problems (in this bank),1,Home Related,None,1,4771,51,No Account,11,1,2,1-4 yrs,0.714,0.286,1
1,2,3,None,Other Banks/Depts,1,2,Paid Up,1,Home Related,£100-£1000,1,3556,29,Some Balance,15,1,4,< 1yr,0.856,0.144,1
1,4,4,None,Other Banks/Depts,1,3,No Problems (in this bank),1,New car,None,1,4796,56,Some Balance,42,1,4,4-7 yrs,0.832,0.168,1
1,4,4,None,Other Banks/Depts,2,2,No Problems (in this bank),1,Home Related,None,1,6614,34,Some Balance,36,More than 1,3,4-7 yrs,0.772,0.228,1
1,3,2,None,Other Banks/Depts,1,2,Paid Up,1,Home Related,None,1,1721,36,No Account,15,1,1,< 1yr,0.576,0.424,1
1,4,1,None,Other Banks/Depts,2,2,No Problems (in this bank),1,Home Related,None,1,860,39,No Account,6,More than 1,4,4-7 yrs,0.67,0.33,1
1,1,4,None,Other Banks/Depts,1,2,No Problems (in this bank),1,Home Related,None,2,1495,38,Some Balance,12,More than 1,1,4-7 yrs,0.914,0.086,1
1,2,2,None,Other Banks/Depts,1,2,No Problems (in this bank),1,Home Related,None,1,1934,26,Some Balance,12,More than 1,4,4-7 yrs,0.844,0.156,1
1,1,2,None,Other Banks/Depts,2,2,Paid Up,1,New car,£100-£1000,1,3378,31,Some Balance,18,1,2,< 1yr,0.908,0.092,1
1,4,4,Yes,Other Banks/Depts,2,2,Paid Up,1,Home Related,None,1,1755,58,No Account,24,1,1,4-7 yrs,0.778,0.222,1
1,4,4,None,Other Banks/Depts,1,3,Paid Up,1,Home Related,£100-£1000,1,1239,61,No Account,18,1,4,< 1yr,0.402,0.598,0
1,3,4,None,Other Banks/Depts,2,2,Paid Up,1,Home Related,< £100,1,1474,33,Some Balance,24,1,1,< 1yr,0.812,0.188,1
1,2,4,None,Other Banks/Depts,1,2,Paid Up,1,Home Related,None,1,640,49,Some Balance,12,1,1,< 1yr,0.728,0.272,1
1,2,2,None,Other Banks/Depts,2,2,Paid Up,1,Home Related,None,1,3919,23,Some Balance,36,1,1,< 1yr,0.774,0.226,1
1,4,1,Yes,Other Banks/Depts,2,2,No Problems (in this bank),1,Home Related,£100-£1000,1,2331,49,Some Balance,12,1,1,4-7 yrs,0.862,0.138,1
1,4,3,None,Other Banks/Depts,2,2,Paid Up,1,New car,£100-£1000,2,6313,41,Some Balance,24,1,3,4-7 yrs,0.892,0.108,1
1,4,2,None,Other Banks/Depts,2,2,No Problems (in this bank),1,Home Related,None,1,1655,63,Some Balance,12,More than 1,1,4-7 yrs,0.862,0.138,1
2,2,4,None,Other Banks/Depts,1,2,Paid Up,1,Home Related,None,1,1053,27,No Account,15,1,1,< 1yr,0.646,0.354,1
1,4,4,None,Other Banks/Depts,2,2,No Problems (in this bank),1,Home Related,£100-£1000,1,1163,44,Some Balance,12,1,1,< 1yr,0.804,0.196,1
1,2,2,None,Other Banks/Depts,2,2,No Problems (in this bank),1,Home Related,None,2,10875,45,Some Balance,36,More than 1,3,4-7 yrs,0.718,0.282,1
1,2,4,None,Other Banks/Depts,1,2,No Problems (in this bank),1,Home Related,None,2,1344,43,No Account,12,More than 1,1,< 1yr,0.746,0.254,1
1,1,1,None,Other Banks/Depts,1,2,No Problems (in this bank),1,Home Related,< £100,1,1237,27,Some Balance,6,More than 1,2,< 1yr,0.79,0.21,1
1,4,2,None,Other Banks/Depts,2,2,Paid Up,1,Home Related,None,1,3077,52,Some Balance,12,1,3,< 1yr,0.87,0.13,1
1,2,4,None,Other Banks/Depts,2,2,Paid Up,1,Home Related,None,1,2284,28,Some Balance,24,1,3,1-4 yrs,0.918,0.082,1
1,1,1,None,Other Banks/Depts,2,2,Paid Up,1,Home Related,None,1,1567,22,No Account,12,1,3,< 1yr,0.476,0.524,0
1,4,4,None,Other Banks/Depts,2,3,No Problems (in this bank),1,Home Related,None,1,2032,60,Some Balance,24,More than 1,4,4-7 yrs,0.888,0.112,1
1,3,4,None,Other Banks/Depts,2,2,No Problems (in this bank),1,Home Related,None,1,1602,30,No Account,21,More than 1,3,4-7 yrs,0.616,0.384,1
1,2,4,None,Other Banks/Depts,1,2,Paid Up,1,Home Related,£100-£1000,1,1979,35,Some Balance,15,1,3,4-7 yrs,0.952,0.048,1
1,2,4,None,Other Banks/Depts,2,2,No Problems (in this bank),1,Home Related,£100-£1000,1,3342,51,Some Balance,36,1,3,4-7 yrs,0.92,0.08,1
1,2,2,None,Other Banks/Depts,2,2,Paid Up,1,Home Related,< £100,1,5866,30,No Account,18,More than 1,3,< 1yr,0.592,0.408,1
1,2,2,None,Other Banks/Depts,2,2,No Problems (in this bank),1,New car,£100-£1000,1,2360,36,Some Balance,15,1,3,< 1yr,0.972,0.028,1
1,3,1,None,Other Banks/Depts,1,2,Paid Up,1,Home Related,£100-£1000,2,3651,31,No Account,12,1,2,< 1yr,0.772,0.228,1
1,1,2,None,Other Banks/Depts,2,2,No Problems (in this bank),1,Used car,None,1,6361,41,No Account,18,1,4,4-7 yrs,0.404,0.596,0
1,2,4,None,Other Banks/Depts,2,2,No Problems (in this bank),1,Used car,£100-£1000,2,4526,32,Some Balance,27,More than 1,1,< 1yr,0.898,0.102,1
1,2,3,None,Other Banks/Depts,1,2,Paid Up,1,Used car,None,1,2136,25,No Account,9,1,1,< 1yr,0.824,0.176,1
1,4,4,None,Other Banks/Depts,2,2,No Problems (in this bank),1,Used car,£100-£1000,1,3777,40,Some Balance,24,1,1,< 1yr,0.902,0.098,1
1,4,4,None,Other Banks/Depts,1,2,Paid Up,1,Home Related,None,1,806,22,No Account,15,1,2,< 1yr,0.474,0.526,0
1,2,4,None,Other Banks/Depts,2,2,No Problems (in this bank),1,Home Related,£100-£1000,1,4712,34,No Account,24,More than 1,2,< 1yr,0.528,0.472,1
1,2,4,Yes,Other Banks/Depts,2,2,No Problems (in this bank),1,Home Related,None,1,1412,29,Some Balance,12,More than 1,1,< 1yr,0.872,0.128,1
1,3,4,None,Other Banks/Depts,2,2,Paid Up,1,Home Related,None,1,1533,38,Some Balance,24,1,3,< 1yr,0.888,0.112,1
1,2,3,None,Other Banks/Depts,2,2,Paid Up,1,Home Related,None,1,3959,29,No Account,15,1,2,< 1yr,0.552,0.448,1
1,1,2,None,Other Banks/Depts,2,2,Paid Up,1,Used car,None,1,428,49,No Account,6,1,2,4-7 yrs,0.896,0.104,1
1,3,3,None,Other Banks/Depts,2,2,No Problems (in this bank),1,Home Related,£100-£1000,1,2366,36,No Account,12,1,3,1-4 yrs,0.882,0.118,1
1,3,3,None,Other Banks/Depts,1,1,Paid Up,1,Home Related,None,1,6260,28,No Account,18,1,1,1-4 yrs,0.578,0.422,1
1,4,2,None,Other Banks/Depts,2,1,Paid Up,1,New car,£100-£1000,1,2603,28,Some Balance,24,1,3,< 1yr,0.856,0.144,1
1,3,4,None,Other Banks/Depts,2,1,Paid Up,1,Used car,£100-£1000,1,3062,32,Some Balance,24,1,4,4-7 yrs,0.948,0.052,1
1,1,4,None,Other Banks/Depts,2,2,Paid Up,1,Home Related,None,1,4795,30,No Account,36,1,4,< 1yr,0.152,0.848,0
1,2,2,None,Other Banks/Depts,2,2,No Problems (in this bank),1,New car,None,2,5842,35,Some Balance,36,More than 1,2,4-7 yrs,0.912,0.088,1
1,3,4,None,Other Banks/Depts,2,2,Paid Up,1,Home Related,£100-£1000,1,1213,47,Some Balance,15,1,2,4-7 yrs,0.836,0.164,1
1,1,4,None,Other Banks/Depts,1,2,Paid Up,1,Home Related,£100-£1000,1,874,24,Some Balance,15,1,1,< 1yr,0.71,0.29,1
1,2,2,None,Other Banks/Depts,2,2,Paid Up,1,Home Related,None,1,1820,30,Some Balance,18,1,2,< 1yr,0.778,0.222,1
1,2,3,None,Other Banks/Depts,2,2,No Problems (in this bank),1,Home Related,£100-£1000,1,3148,31,Some Balance,24,More than 1,3,< 1yr,0.926,0.074,1
1,4,2,None,Other Banks/Depts,2,2,Paid Up,1,Home Related,£100-£1000,1,3835,45,Some Balance,36,1,1,4-7 yrs,0.932,0.068,1
1,4,1,None,Other Banks/Depts,1,2,Paid Up,1,Home Related,£100-£1000,1,3832,64,Some Balance,9,1,1,4-7 yrs,0.878,0.122,1
1,4,2,None,Other Banks/Depts,2,2,Paid Up,1,Home Related,£100-£1000,1,5084,42,No Account,24,1,3,4-7 yrs,0.604,0.396,1
1,4,4,None,Other Banks/Depts,2,2,Paid Up,1,New car,£100-£1000,1,2476,46,Some Balance,21,1,1,4-7 yrs,0.958,0.042,1
1,4,4,None,Other Banks/Depts,2,3,Paid Up,1,New car,£100-£1000,2,2964,49,No Account,24,1,4,4-7 yrs,0.65,0.35,1
1,4,2,None,Other Banks/Depts,2,2,Paid Up,1,Used car,£100-£1000,1,1262,49,No Account,12,1,2,4-7 yrs,0.812,0.188,1
1,4,2,None,Other Banks/Depts,2,2,Paid Up,1,Home Related,None,1,1542,36,Some Balance,12,1,3,1-4 yrs,0.944,0.056,1
1,3,3,None,Other Banks/Depts,1,1,Some Problems,1,Home Related,£100-£1000,1,409,42,Some Balance,12,More than 1,1,< 1yr,0.652,0.348,1
1,3,2,None,Other Banks/Depts,2,2,Paid Up,1,Home Related,< £100,1,3512,38,No Account,24,More than 1,3,1-4 yrs,0.818,0.182,1
1,1,4,None,Other Banks/Depts,1,2,Paid Up,1,Home Related,None,1,1498,23,No Account,12,1,3,< 1yr,0.31,0.69,0
1,3,4,None,Other Banks/Depts,1,1,Some Problems,1,Home Related,None,1,6416,59,No Account,48,1,4,4-7 yrs,0.18,0.82,0
1,4,1,None,Other Banks/Depts,2,1,No Problems (in this bank),1,Used car,None,1,3617,28,No Account,12,More than 1,3,4-7 yrs,0.756,0.244,1
1,2,4,None,Other Banks/Depts,1,2,No Problems (in this bank),1,Home Related,None,1,1291,35,Some Balance,12,More than 1,2,< 1yr,0.872,0.128,1
1,4,2,None,Other Banks/Depts,2,1,Paid Up,1,Used car,None,1,3972,25,Some Balance,24,1,2,1-4 yrs,0.924,0.076,1
1,4,4,None,Other Banks/Depts,2,1,Paid Up,1,Home Related,None,1,392,23,Some Balance,15,1,2,< 1yr,0.726,0.274,1
1,2,4,None,Other Banks/Depts,1,2,No Problems (in this bank),1,Home Related,None,1,5771,25,Some Balance,30,More than 1,3,1-4 yrs,0.694,0.306,1
1,1,1,None,Other Banks/Depts,2,2,No Problems (in this bank),1,Home Related,None,1,1382,28,Some Balance,6,More than 1,3,< 1yr,0.83,0.17,1
1,4,3,None,Other Banks/Depts,1,1,Paid Up,1,Home Related,None,1,1297,23,Some Balance,12,1,1,< 1yr,0.842,0.158,1
1,2,4,None,Other Banks/Depts,2,1,Paid Up,1,Home Related,None,2,1963,31,Some Balance,12,More than 1,3,1-4 yrs,0.848,0.152,1
1,4,3,None,Other Banks/Depts,1,2,No Problems (in this bank),1,New car,< £100,1,1804,44,No Account,12,1,2,< 1yr,0.828,0.172,1
1,1,4,None,Other Banks/Depts,2,2,Paid Up,1,Home Related,None,1,1950,34,Some Balance,18,More than 1,3,1-4 yrs,0.852,0.148,1
1,1,4,None,Other Banks/Depts,2,2,No Problems (in this bank),1,Home Related,£100-£1000,1,12749,37,Some Balance,48,1,3,1-4 yrs,0.794,0.206,1
1,4,1,None,Other Banks/Depts,2,1,Paid Up,1,Home Related,None,1,1236,23,Some Balance,9,1,1,< 1yr,0.88,0.12,1
1,3,2,None,Other Banks/Depts,1,2,Some Problems,1,Home Related,£100-£1000,1,8072,25,No Account,30,More than 1,3,< 1yr,0.574,0.426,1
1,2,4,None,Other Banks/Depts,2,2,No Problems (in this bank),1,Home Related,None,1,2831,33,Some Balance,30,1,3,< 1yr,0.746,0.254,1
1,2,2,None,Other Banks/Depts,2,2,Paid Up,1,Home Related,< £100,1,5742,31,Some Balance,36,More than 1,3,1-4 yrs,0.764,0.236,1
1,3,4,None,Other Banks/Depts,2,2,Paid Up,1,Home Related,£100-£1000,1,2390,50,Some Balance,12,1,3,4-7 yrs,0.88,0.12,1
1,1,1,None,Other Banks/Depts,2,2,Paid Up,1,Home Related,< £100,1,2923,28,Some Balance,21,1,3,< 1yr,0.82,0.18,1
1,2,1,None,Other Banks/Depts,1,2,Paid Up,1,Home Related,£100-£1000,1,8487,24,No Account,48,1,3,1-4 yrs,0.516,0.484,1
1,1,4,None,Other Banks/Depts,1,2,Paid Up,1,Home Related,£100-£1000,1,2255,54,Some Balance,24,1,2,< 1yr,0.778,0.222,1
1,2,4,None,Other Banks/Depts,1,2,No Problems (in this bank),1,Used car,None,1,1817,28,Some Balance,18,More than 1,4,< 1yr,0.846,0.154,1
1,4,4,None,Other Banks/Depts,1,2,Some Problems,1,Home Related,£100-£1000,1,1445,49,Some Balance,18,1,3,1-4 yrs,0.656,0.344,1
2,2,1,None,Other Banks/Depts,2,2,Paid Up,1,Used car,£100-£1000,1,7721,30,No Account,24,1,2,< 1yr,0.652,0.348,1
2,2,2,Yes,Other Banks/Depts,1,2,Paid Up,1,Home Related,£100-£1000,1,3763,24,No Account,21,1,1,1-4 yrs,0.774,0.226,1
1,1,4,None,Other Banks/Depts,1,2,Paid Up,1,Home Related,£100-£1000,1,1444,23,No Account,15,1,2,< 1yr,0.342,0.658,0
1,4,3,Yes,Other Banks/Depts,2,2,Paid Up,1,Home Related,< £100,1,2753,35,Some Balance,9,1,3,4-7 yrs,0.9,0.1,1
1,4,4,None,Other Banks/Depts,2,2,Some Problems,1,Used car,£100-£1000,1,2483,22,No Account,24,1,1,< 1yr,0.78,0.22,1
2,1,1,None,Other Banks/Depts,1,2,No Problems (in this bank),1,Home Related,None,2,1299,74,Some Balance,6,More than 1,1,< 1yr,0.862,0.138,1
2,2,4,Yes,Other Banks/Depts,1,2,Paid Up,1,Home Related,£100-£1000,1,1287,45,Some Balance,10,1,2,4-7 yrs,0.78,0.22,1
1,4,3,Yes,Other Banks/Depts,2,3,Some Problems,1,Home Related,None,1,1940,36,No Account,18,1,4,< 1yr,0.262,0.738,0
1,3,3,None,Other Banks/Depts,2,2,No Problems (in this bank),1,New car,None,1,4679,35,Some Balance,24,More than 1,3,1-4 yrs,0.972,0.028,1
1,2,4,None,Other Banks/Depts,1,2,Paid Up,1,Used car,£100-£1000,1,2659,28,No Account,18,1,3,< 1yr,0.676,0.324,1
1,2,4,None,Other Banks/Depts,1,2,No Problems (in this bank),1,Home Related,None,1,802,27,Some Balance,14,More than 1,3,< 1yr,0.852,0.148,1
1,4,4,None,Other Banks/Depts,1,2,Paid Up,1,Home Related,£100-£1000,1,1572,36,Some Balance,21,1,1,4-7 yrs,0.904,0.096,1
1,4,4,None,Other Banks/Depts,1,2,Some Problems,1,Home Related,None,1,426,39,Some Balance,6,1,3,4-7 yrs,0.496,0.504,0
1,4,4,None,Other Banks/Depts,2,2,Paid Up,1,New car,None,1,3857,40,No Account,30,1,2,< 1yr,0.702,0.298,1
1,3,2,None,Other Banks/Depts,1,2,Paid Up,1,Home Related,None,1,685,25,No Account,12,1,3,1-4 yrs,0.474,0.526,0
1,4,4,None,Other Banks/Depts,1,2,Paid Up,1,Home Related,None,1,1603,55,No Account,24,1,3,4-7 yrs,0.58,0.42,1
1,3,1,None,Other Banks/Depts,1,1,Paid Up,1,Used car,None,2,601,23,Some Balance,4,1,1,< 1yr,0.942,0.058,1
1,2,2,None,Other Banks/Depts,1,2,No Problems (in this bank),1,Home Related,£100-£1000,1,1316,47,Some Balance,15,More than 1,2,< 1yr,0.794,0.206,1
1,4,2,None,Other Banks/Depts,2,2,Paid Up,1,Home Related,None,1,10366,42,Some Balance,60,1,2,4-7 yrs,0.688,0.312,1
1,4,3,None,Other Banks/Depts,1,1,Paid Up,1,Home Related,< £100,1,1568,24,Some Balance,18,1,2,< 1yr,0.73,0.27,1
1,3,4,None,Other Banks/Depts,2,2,No Problems (in this bank),1,Home Related,£100-£1000,1,629,32,Some Balance,18,More than 1,2,4-7 yrs,0.658,0.342,1
1,4,2,None,Other Banks/Depts,1,2,Some Problems,1,Home Related,£100-£1000,2,1750,45,Some Balance,6,1,2,4-7 yrs,0.72,0.28,1
1,4,3,None,Other Banks/Depts,1,2,Paid Up,1,New car,< £100,1,3488,23,Some Balance,24,1,3,1-4 yrs,0.966,0.034,1
1,2,3,None,Other Banks/Depts,1,2,Paid Up,1,Home Related,< £100,1,2631,25,No Account,15,1,1,< 1yr,0.546,0.454,1
1,3,1,None,Other Banks/Depts,1,2,Paid Up,1,New car,£100-£1000,1,5248,26,Some Balance,21,1,3,< 1yr,0.848,0.152,1
1,4,2,None,Other Banks/Depts,2,2,No Problems (in this bank),1,Home Related,None,2,6204,44,No Account,18,1,1,< 1yr,0.626,0.374,1
1,4,4,None,Other Banks/Depts,1,2,Paid Up,1,Home Related,None,1,804,38,Some Balance,12,1,3,4-7 yrs,0.458,0.542,0
1,4,1,None,Other Banks/Depts,1,2,No Problems (in this bank),1,Used car,None,1,3643,27,No Account,15,More than 1,2,4-7 yrs,0.73,0.27,1
1,3,1,None,Other Banks/Depts,1,1,No Problems (in this bank),1,Used car,None,1,2146,23,Some Balance,10,More than 1,1,< 1yr,0.922,0.078,1
1,4,1,None,Other Banks/Depts,1,2,Paid Up,1,Home Related,None,1,3448,74,Some Balance,5,1,1,1-4 yrs,0.888,0.112,1
1,3,2,None,Other Banks/Depts,1,2,Paid Up,1,Used car,None,1,2708,27,Some Balance,15,More than 1,2,< 1yr,0.934,0.066,1
1,4,3,None,Other Banks/Depts,1,2,Paid Up,1,Home Related,£100-£1000,1,2675,40,Some Balance,22,1,3,4-7 yrs,0.94,0.06,1
1,2,2,None,Other Banks/Depts,1,2,Paid Up,1,Home Related,None,2,2118,37,No Account,9,1,1,< 1yr,0.91,0.09,1
1,4,4,None,Other Banks/Depts,1,2,Some Problems,1,Home Related,< £100,2,1569,34,Some Balance,15,1,3,4-7 yrs,0.588,0.412,1
1,4,2,None,Other Banks/Depts,2,2,No Problems (in this bank),1,Used car,£100-£1000,1,7678,40,Some Balance,36,More than 1,3,1-4 yrs,0.892,0.108,1
1,3,4,None,Other Banks/Depts,1,2,Some Problems,1,Home Related,£100-£1000,2,3447,35,Some Balance,12,1,1,< 1yr,0.652,0.348,1
1,2,4,None,Other Banks/Depts,2,1,Paid Up,1,Home Related,None,1,3568,54,Some Balance,15,1,3,4-7 yrs,0.854,0.146,1
1,3,2,None,Other Banks/Depts,1,2,No Problems (in this bank),1,Home Related,None,1,3652,27,No Account,21,More than 1,2,1-4 yrs,0.562,0.438,1
1,4,2,None,Other Banks/Depts,1,2,Paid Up,1,Home Related,None,1,3660,28,No Account,24,1,3,< 1yr,0.644,0.356,1
1,4,2,None,Other Banks/Depts,1,2,Paid Up,1,Home Related,< £100,1,1126,49,Some Balance,9,1,1,4-7 yrs,0.816,0.184,1
1,1,2,None,Other Banks/Depts,1,2,No Problems (in this bank),1,Home Related,None,1,683,29,Some Balance,6,1,2,< 1yr,0.826,0.174,1
1,2,1,None,Other Banks/Depts,1,2,Paid Up,1,Used car,None,1,2251,46,Some Balance,12,1,3,< 1yr,0.944,0.056,1
1,4,1,None,Other Banks/Depts,1,1,Paid Up,1,New car,£100-£1000,1,4675,20,Some Balance,12,1,3,< 1yr,0.86,0.14,1
1,4,1,None,Other Banks/Depts,1,2,No Problems (in this bank),1,Home Related,None,1,2353,47,No Account,21,More than 1,2,< 1yr,0.598,0.402,1
1,4,1,None,Other Banks/Depts,2,2,Paid Up,1,Home Related,None,1,672,54,Some Balance,6,1,1,< 1yr,0.892,0.108,1
1,4,4,None,Other Banks/Depts,1,2,No Problems (in this bank),1,Home Related,£100-£1000,1,338,52,No Account,6,More than 1,3,4-7 yrs,0.862,0.138,1
1,4,2,None,Other Banks/Depts,1,3,Paid Up,1,Home Related,£100-£1000,1,2507,51,Some Balance,9,1,4,4-7 yrs,0.836,0.164,1
1,3,4,None,Other Banks/Depts,1,2,No Problems (in this bank),1,Home Related,None,1,1478,33,Some Balance,15,More than 1,1,< 1yr,0.89,0.11,1
1,1,2,None,Other Banks/Depts,1,2,No Problems (in this bank),1,Home Related,£100-£1000,2,3565,37,Some Balance,12,More than 1,2,< 1yr,0.846,0.154,1
1,4,2,None,Other Banks/Depts,1,1,Paid Up,1,Used car,< £100,1,2301,22,Some Balance,9,1,2,< 1yr,0.916,0.084,1
1,2,1,None,Other Banks/Depts,1,2,No Problems (in this bank),1,Home Related,< £100,1,1743,34,Some Balance,6,More than 1,1,< 1yr,0.88,0.12,1
1,3,2,None,Other Banks/Depts,1,2,No Problems (in this bank),1,Home Related,None,1,2320,34,Some Balance,18,More than 1,1,< 1yr,0.768,0.232,1
1,2,4,None,Other Banks/Depts,1,2,Paid Up,1,Home Related,None,1,5152,25,Some Balance,24,1,3,1-4 yrs,0.788,0.212,1
1,2,1,None,Other Banks/Depts,1,2,No Problems (in this bank),1,Home Related,£100-£1000,2,3074,33,Some Balance,9,More than 1,1,< 1yr,0.924,0.076,1
1,2,1,Yes,Other Banks/Depts,1,2,Some Problems,1,Home Related,£100-£1000,2,783,26,Some Balance,6,1,1,< 1yr,0.646,0.354,1
1,4,4,None,Other Banks/Depts,2,1,Paid Up,1,Home Related,None,1,2606,28,No Account,21,1,2,< 1yr,0.452,0.548,0
1,2,2,None,Other Banks/Depts,1,2,Some Problems,1,New car,£100-£1000,2,9436,39,Some Balance,54,1,2,< 1yr,0.868,0.132,1
1,2,2,None,Other Banks/Depts,1,2,No Problems (in this bank),1,Home Related,£100-£1000,1,250,41,Some Balance,6,More than 1,1,< 1yr,0.938,0.062,1
1,4,3,None,Other Banks/Depts,2,2,Paid Up,1,Home Related,None,2,662,41,No Account,6,1,1,< 1yr,0.894,0.106,1
1,4,4,None,Other Banks/Depts,2,2,Some Problems,1,Home Related,None,1,1559,40,Some Balance,24,1,3,1-4 yrs,0.63,0.37,1
1,1,3,None,Other Banks/Depts,1,2,Paid Up,1,Home Related,None,1,3016,24,Some Balance,12,1,3,< 1yr,0.89,0.11,1
2,1,4,None,Other Banks/Depts,1,1,Some Problems,1,Home Related,< £100,1,1204,35,Some Balance,6,1,4,< 1yr,0.504,0.496,1
2,2,3,None,Other Banks/Depts,1,1,Paid Up,1,Home Related,£100-£1000,2,1597,40,Some Balance,10,1,4,< 1yr,0.854,0.146,1
1,2,4,Yes,Other Banks/Depts,1,2,Paid Up,1,Home Related,< £100,1,2073,28,Some Balance,12,1,1,< 1yr,0.594,0.406,1
2,3,2,Yes,Other Banks/Depts,1,1,No Problems (in this bank),1,Used car,£100-£1000,1,2132,27,No Account,10,More than 1,1,< 1yr,0.754,0.246,1
2,2,3,None,Other Banks/Depts,1,1,Paid Up,1,Home Related,< £100,1,1418,35,Some Balance,10,1,1,< 1yr,0.818,0.182,1
2,4,1,None,Other Banks/Depts,1,2,No Problems (in this bank),1,Home Related,None,2,1343,46,Some Balance,6,More than 1,1,4-7 yrs,0.902,0.098,1
2,3,4,None,Other Banks/Depts,1,2,Paid Up,1,Home Related,£100-£1000,1,2662,32,Some Balance,18,1,2,1-4 yrs,0.756,0.244,1
1,4,3,None,Other Banks/Depts,2,2,No Problems (in this bank),1,Home Related,None,1,6070,33,Some Balance,18,More than 1,3,4-7 yrs,0.776,0.224,1
1,2,1,None,Other Banks/Depts,2,1,No Problems (in this bank),1,Home Related,None,1,1554,24,Some Balance,6,More than 1,3,1-4 yrs,0.846,0.154,1
2,4,3,Yes,Other Banks/Depts,1,2,No Problems (in this bank),1,Home Related,< £100,2,1288,48,No Account,9,More than 1,1,4-7 yrs,0.894,0.106,1
1,3,4,Yes,Other Banks/Depts,2,2,No Problems (in this bank),1,Home Related,None,1,1038,49,No Account,10,More than 1,2,1-4 yrs,0.896,0.104,1
1,2,1,Yes,Other Banks/Depts,1,2,Paid Up,1,New car,< £100,2,2848,32,Some Balance,10,1,1,< 1yr,0.922,0.078,1
2,2,3,None,Other Banks/Depts,1,2,Paid Up,1,New car,£100-£1000,1,1413,55,Some Balance,12,1,2,1-4 yrs,0.952,0.048,1
1,4,2,None,Other Banks/Depts,2,2,No Problems (in this bank),1,New car,£100-£1000,1,3229,38,Some Balance,18,1,4,< 1yr,0.952,0.048,1
2,2,1,Yes,Other Banks/Depts,1,1,Paid Up,1,Home Related,< £100,2,3577,26,Some Balance,9,1,1,< 1yr,0.854,0.146,1
2,4,1,None,Other Banks/Depts,2,2,Paid Up,1,Home Related,None,1,1924,38,Some Balance,10,1,2,< 1yr,0.902,0.098,1
1,4,4,None,Other Banks/Depts,2,3,Paid Up,1,Home Related,£100-£1000,1,727,46,Some Balance,10,1,4,4-7 yrs,0.594,0.406,1
1,4,4,None,Other Banks/Depts,2,3,No Problems (in this bank),1,Home Related,None,1,781,63,Some Balance,10,More than 1,4,4-7 yrs,0.76,0.24,1
2,1,2,None,Other Banks/Depts,1,2,No Problems (in this bank),1,Used car,£100-£1000,1,2069,26,Some Balance,10,More than 1,3,< 1yr,0.9,0.1,1
1,3,4,None,Other Banks/Depts,2,2,Paid Up,1,Home Related,£100-£1000,2,1525,34,Some Balance,24,1,3,1-4 yrs,0.976,0.024,1
1,2,4,None,Other Banks/Depts,1,2,No Problems (in this bank),1,Home Related,£100-£1000,2,7629,46,Some Balance,48,More than 1,3,4-7 yrs,0.796,0.204,1
1,2,3,Yes,Other Banks/Depts,1,2,No Problems (in this bank),1,Home Related,None,1,3499,29,No Account,12,More than 1,1,< 1yr,0.734,0.266,1
1,4,3,Yes,Other Banks/Depts,2,2,Paid Up,1,New car,None,2,2924,63,No Account,24,1,4,< 1yr,0.69,0.31,1
2,4,3,None,Other Banks/Depts,1,2,No Problems (in this bank),1,Home Related,None,2,1231,32,Some Balance,10,More than 1,1,4-7 yrs,0.9,0.1,1
1,4,1,None,Other Banks/Depts,2,2,No Problems (in this bank),1,Home Related,£100-£1000,1,5045,59,Some Balance,15,1,3,4-7 yrs,0.69,0.31,1
1,4,4,None,Other Banks/Depts,1,2,No Problems (in this bank),1,Home Related,None,1,1255,61,Some Balance,12,More than 1,1,4-7 yrs,0.926,0.074,1
1,4,2,None,Other Banks/Depts,1,2,Some Problems,1,Used car,None,1,2759,34,Some Balance,12,More than 1,2,4-7 yrs,0.74,0.26,1
1,4,2,None,Other Banks/Depts,1,1,Paid Up,1,Home Related,None,1,1403,28,No Account,15,1,3,< 1yr,0.426,0.574,0
1,2,2,None,Other Banks/Depts,1,2,Paid Up,1,Home Related,None,1,6568,21,No Account,24,1,3,< 1yr,0.416,0.584,0
1,4,2,None,Other Banks/Depts,1,1,No Problems (in this bank),1,New car,£100-£1000,1,7758,29,No Account,24,1,4,4-7 yrs,0.56,0.44,1
1,3,4,None,Other Banks/Depts,1,2,No Problems (in this bank),1,Used car,< £100,1,1591,34,Some Balance,21,More than 1,1,1-4 yrs,0.894,0.106,1
1,2,3,None,Other Banks/Depts,1,2,Paid Up,1,Home Related,None,1,3416,27,No Account,27,1,3,< 1yr,0.498,0.502,0
1,2,4,Yes,Other Banks/Depts,1,2,Paid Up,1,Home Related,< £100,1,1514,22,No Account,15,1,1,< 1yr,0.432,0.568,0
1,3,2,None,Other Banks/Depts,1,2,No Problems (in this bank),1,Home Related,£100-£1000,1,6742,36,Some Balance,30,More than 1,2,1-4 yrs,0.744,0.256,1
1,3,4,None,Other Banks/Depts,1,2,Paid Up,1,Home Related,None,1,458,24,No Account,9,1,1,< 1yr,0.8,0.2,1
1,1,4,None,Other Banks/Depts,1,2,Paid Up,1,Used car,None,1,918,30,No Account,9,1,2,< 1yr,0.904,0.096,1
1,4,2,None,Other Banks/Depts,1,1,Paid Up,1,New car,£100-£1000,1,2812,26,No Account,24,1,1,4-7 yrs,0.758,0.242,1
1,4,2,None,Other Banks/Depts,1,3,No Problems (in this bank),1,Home Related,£100-£1000,1,1480,66,Some Balance,12,More than 1,4,< 1yr,0.77,0.23,1
1,4,4,None,Other Banks/Depts,1,2,Paid Up,1,Home Related,None,1,1206,25,No Account,9,1,1,4-7 yrs,0.77,0.23,1
1,2,4,None,Other Banks/Depts,1,2,Paid Up,1,Home Related,None,1,707,30,Some Balance,12,More than 1,1,< 1yr,0.87,0.13,1
1,2,2,None,Other Banks/Depts,1,2,Paid Up,1,Home Related,None,1,6078,32,No Account,12,1,3,1-4 yrs,0.544,0.456,1
1,1,4,None,Other Banks/Depts,2,2,Paid Up,1,Home Related,None,2,2528,32,No Account,27,1,2,< 1yr,0.52,0.48,1
1,2,1,None,Other Banks/Depts,2,1,Paid Up,1,New car,£100-£1000,1,1352,23,No Account,6,1,2,< 1yr,0.738,0.262,1
1,4,4,None,Other Banks/Depts,2,2,Paid Up,1,Home Related,None,1,3181,26,Some Balance,24,1,2,< 1yr,0.916,0.084,1
1,4,3,None,Other Banks/Depts,2,3,Paid Up,1,Home Related,£100-£1000,1,5381,40,No Account,48,1,4,< 1yr,0.584,0.416,1
1,3,3,None,Other Banks/Depts,2,2,Paid Up,1,Home Related,£100-£1000,1,1913,36,No Account,18,1,1,< 1yr,0.608,0.392,1
1,4,4,None,Other Banks/Depts,1,2,No Problems (in this bank),1,Home Related,£100-£1000,1,976,35,Some Balance,12,More than 1,3,4-7 yrs,0.92,0.08,1
1,2,4,None,Other Banks/Depts,2,2,No Problems (in this bank),1,Home Related,£100-£1000,2,2375,44,Some Balance,24,More than 1,3,< 1yr,0.808,0.192,1
1,4,4,None,Other Banks/Depts,2,2,No Problems (in this bank),1,Home Related,£100-£1000,2,522,42,Some Balance,12,More than 1,2,4-7 yrs,0.792,0.208,1
1,3,4,None,Other Banks/Depts,2,2,No Problems (in this bank),1,Home Related,£100-£1000,1,1169,29,Some Balance,18,More than 1,2,< 1yr,0.736,0.264,1
1,4,4,None,Other Banks/Depts,2,2,No Problems (in this bank),1,Used car,None,2,1478,44,No Account,15,More than 1,3,4-7 yrs,0.71,0.29,1
1,2,4,None,Other Banks/Depts,1,2,Paid Up,1,Home Related,None,1,776,28,Some Balance,12,1,1,< 1yr,0.794,0.206,1
1,3,2,None,Other Banks/Depts,2,3,No Problems (in this bank),1,Home Related,None,1,1175,68,No Account,16,More than 1,3,< 1yr,0.562,0.438,1
1,4,4,None,Other Banks/Depts,2,3,Paid Up,1,Home Related,£100-£1000,1,2133,52,Some Balance,12,1,4,4-7 yrs,0.896,0.104,1
1,4,4,None,Other Banks/Depts,2,1,No Problems (in this bank),1,Home Related,None,1,4530,26,Some Balance,30,1,3,1-4 yrs,0.716,0.284,1
1,4,4,None,Other Banks/Depts,1,2,No Problems (in this bank),1,Home Related,£100-£1000,1,1887,28,No Account,18,More than 1,1,< 1yr,0.488,0.512,0
1,4,4,None,Other Banks/Depts,1,1,No Problems (in this bank),1,Home Related,£100-£1000,1,1264,57,Some Balance,12,1,4,4-7 yrs,0.856,0.144,1
1,3,4,None,Other Banks/Depts,1,2,No Problems (in this bank),1,Home Related,< £100,1,1532,31,Some Balance,15,1,3,< 1yr,0.706,0.294,1
1,2,3,None,Other Banks/Depts,1,2,No Problems (in this bank),1,Home Related,None,1,935,24,Some Balance,6,1,1,< 1yr,0.914,0.086,1
1,4,4,None,Other Banks/Depts,2,2,No Problems (in this bank),1,Home Related,None,2,2442,43,No Account,27,More than 1,3,4-7 yrs,0.544,0.456,1
1,4,4,None,Other Banks/Depts,2,2,No Problems (in this bank),1,Used car,£100-£1000,1,14179,30,No Account,39,More than 1,2,1-4 yrs,0.482,0.518,0
1,4,4,None,Other Banks/Depts,1,2,No Problems (in this bank),1,Home Related,None,1,618,56,Some Balance,12,1,1,4-7 yrs,0.786,0.214,1
1,2,4,None,Other Banks/Depts,1,2,Paid Up,1,Used car,None,1,1574,50,Some Balance,12,1,1,< 1yr,0.934,0.066,1
1,2,2,None,Other Banks/Depts,2,3,Paid Up,1,New car,None,1,4686,32,Some Balance,36,1,4,< 1yr,0.914,0.086,1
1,3,4,None,Other Banks/Depts,1,2,Paid Up,1,Home Related,£100-£1000,1,790,66,No Account,9,1,1,< 1yr,0.824,0.176,1
1,4,1,None,Other Banks/Depts,1,3,Paid Up,1,Home Related,None,1,3973,22,No Account,14,1,4,< 1yr,0.608,0.392,1
1,3,2,None,Other Banks/Depts,2,2,No Problems (in this bank),1,Home Related,None,1,2629,29,No Account,20,More than 1,3,< 1yr,0.458,0.542,0
1,2,4,None,Other Banks/Depts,2,2,Paid Up,1,Home Related,£100-£1000,1,1941,35,No Account,18,1,2,< 1yr,0.618,0.382,1
1,2,4,None,Other Banks/Depts,1,2,No Problems (in this bank),1,Used car,£100-£1000,1,2333,29,No Account,24,1,2,< 1yr,0.664,0.336,1
1,4,2,None,Other Banks/Depts,2,1,Paid Up,1,New car,£100-£1000,1,2445,26,Some Balance,12,1,3,< 1yr,0.9,0.1,1
1,4,1,None,Other Banks/Depts,2,2,Paid Up,1,New car,£100-£1000,1,6468,60,No Account,20,1,1,< 1yr,0.648,0.352,1
1,4,1,None,Other Banks/Depts,2,2,Paid Up,1,New car,< £100,1,3812,23,Some Balance,15,1,3,< 1yr,0.902,0.098,1
1,2,4,None,Other Banks/Depts,1,2,Paid Up,1,New car,£100-£1000,1,2028,30,No Account,12,1,3,< 1yr,0.794,0.206,1
1,4,1,None,Other Banks/Depts,1,3,Paid Up,1,Home Related,£100-£1000,1,5324,35,Some Balance,15,1,4,4-7 yrs,0.806,0.194,1
1,4,4,None,Other Banks/Depts,2,2,Paid Up,1,Home Related,None,2,1393,47,Some Balance,12,More than 1,2,4-7 yrs,0.874,0.126,1
1,2,3,None,Other Banks/Depts,1,2,Paid Up,1,Home Related,£100-£1000,1,7409,37,Some Balance,36,More than 1,2,4-7 yrs,0.802,0.198,1
1,4,1,None,Other Banks/Depts,1,1,Paid Up,1,Used car,£100-£1000,1,2186,33,Some Balance,15,1,1,1-4 yrs,0.954,0.046,1
1,4,4,None,Other Banks/Depts,2,2,Paid Up,1,Used car,None,2,3422,47,Some Balance,18,More than 1,2,4-7 yrs,0.924,0.076,1
1,4,2,None,Other Banks/Depts,2,2,Paid Up,1,Home Related,None,1,3872,67,No Account,18,1,3,< 1yr,0.566,0.434,1
1,4,4,None,Other Banks/Depts,2,2,Paid Up,1,Home Related,£100-£1000,2,5190,48,Some Balance,27,More than 1,2,4-7 yrs,0.75,0.25,1
1,4,2,None,Other Banks/Depts,1,1,Paid Up,1,Used car,None,1,3001,40,No Account,18,1,1,1-4 yrs,0.786,0.214,1
1,2,1,None,Other Banks/Depts,1,3,No Problems (in this bank),1,Home Related,None,1,3863,32,Some Balance,24,1,4,< 1yr,0.906,0.094,1
1,2,3,None,Other Banks/Depts,1,2,No Problems (in this bank),1,Used car,£100-£1000,1,1592,35,Some Balance,12,1,2,1-4 yrs,0.97,0.03,1
1,2,3,None,Other Banks/Depts,2,2,No Problems (in this bank),1,Used car,None,1,3780,35,Some Balance,18,More than 1,3,< 1yr,0.94,0.06,1
1,2,2,None,Other Banks/Depts,2,2,Paid Up,1,Home Related,None,1,1076,26,Some Balance,12,1,1,< 1yr,0.846,0.154,1
1,1,4,None,Other Banks/Depts,1,2,Paid Up,1,Home Related,None,1,2051,33,Some Balance,18,1,1,< 1yr,0.578,0.422,1
1,1,3,None,Other Banks/Depts,2,2,Some Problems,1,Home Related,None,1,3104,31,No Account,18,1,2,1-4 yrs,0.482,0.518,0
1,3,4,Yes,Other Banks/Depts,1,2,No Problems (in this bank),1,Home Related,None,1,2611,46,Some Balance,24,More than 1,1,4-7 yrs,0.886,0.114,1
1,1,3,None,Other Banks/Depts,1,2,Paid Up,1,Home Related,£100-£1000,1,1680,35,No Account,12,1,1,4-7 yrs,0.812,0.188,1
1,2,3,None,Other Banks/Depts,1,2,Paid Up,1,Home Related,None,2,1595,51,Some Balance,6,1,2,1-4 yrs,0.952,0.048,1
1,2,4,None,Other Banks/Depts,2,2,No Problems (in this bank),1,Home Related,None,1,2058,33,Some Balance,24,More than 1,1,< 1yr,0.824,0.176,1
1,3,3,None,Other Banks/Depts,2,2,Paid Up,1,New car,None,1,7814,38,Some Balance,24,1,3,1-4 yrs,0.91,0.09,1
1,2,2,None,Other Banks/Depts,1,1,No Problems (in this bank),1,Home Related,None,1,1740,30,Some Balance,6,More than 1,1,4-7 yrs,0.896,0.104,1
1,4,2,None,Other Banks/Depts,2,2,No Problems (in this bank),1,New car,£100-£1000,2,6842,46,Some Balance,24,More than 1,2,< 1yr,0.87,0.13,1
1,4,4,None,Other Banks/Depts,2,2,No Problems (in this bank),1,Used car,None,1,5150,33,Some Balance,24,1,3,4-7 yrs,0.832,0.168,1
1,2,1,None,Other Banks/Depts,1,2,No Problems (in this bank),1,Home Related,£100-£1000,1,2080,24,Some Balance,6,1,3,< 1yr,0.816,0.184,1
1,2,4,None,Other Banks/Depts,2,2,No Problems (in this bank),1,Home Related,< £100,1,3878,37,No Account,24,1,3,< 1yr,0.694,0.306,1
1,4,4,None,Other Banks/Depts,2,3,Paid Up,1,Home Related,None,1,1819,37,Some Balance,36,1,4,< 1yr,0.818,0.182,1
1,4,2,None,Other Banks/Depts,2,1,No Problems (in this bank),1,Used car,None,1,7127,23,Some Balance,36,More than 1,2,< 1yr,0.64,0.36,1
1,2,4,None,Other Banks/Depts,2,2,Paid Up,1,Used car,None,1,3349,28,Some Balance,36,1,3,< 1yr,0.868,0.132,1
1,2,4,None,Other Banks/Depts,2,2,Paid Up,1,Used car,None,1,10974,26,Some Balance,36,More than 1,3,< 1yr,0.6,0.4,1
1,1,3,None,Other Banks/Depts,1,2,Paid Up,1,Home Related,None,1,518,29,Some Balance,6,1,1,< 1yr,0.924,0.076,1
1,2,4,None,Other Banks/Depts,2,1,Paid Up,1,Home Related,£100-£1000,1,1126,21,Some Balance,18,1,1,< 1yr,0.722,0.278,1
1,2,4,None,Other Banks/Depts,2,3,Paid Up,1,Home Related,None,1,1505,32,Some Balance,18,1,4,< 1yr,0.854,0.146,1
1,1,2,None,Other Banks/Depts,1,2,No Problems (in this bank),1,Home Related,None,2,1503,42,Some Balance,4,More than 1,1,1-4 yrs,0.956,0.044,1
1,2,2,None,Other Banks/Depts,2,1,Paid Up,1,Home Related,None,1,1881,44,Some Balance,12,1,3,< 1yr,0.826,0.174,1
1,1,4,None,Other Banks/Depts,2,2,No Problems (in this bank),1,Home Related,None,1,1880,32,No Account,18,More than 1,2,1-4 yrs,0.668,0.332,1
1,1,4,None,Other Banks/Depts,1,2,Paid Up,1,Home Related,None,1,2389,27,No Account,18,1,3,< 1yr,0.5,0.5,0
1,1,2,None,Other Banks/Depts,1,2,No Problems (in this bank),1,Home Related,None,2,1455,42,Some Balance,4,More than 1,1,1-4 yrs,0.958,0.042,1
1,4,1,None,Other Banks/Depts,2,2,Some Problems,1,Used car,None,1,3244,33,No Account,18,More than 1,3,< 1yr,0.502,0.498,1
1,1,4,None,Other Banks/Depts,2,2,Paid Up,1,Home Related,£100-£1000,2,3979,41,No Account,48,More than 1,3,1-4 yrs,0.662,0.338,1
1,2,4,None,Other Banks/Depts,1,2,Paid Up,1,Used car,None,1,1922,37,No Account,12,1,2,< 1yr,0.904,0.096,1
1,1,4,None,Other Banks/Depts,1,2,No Problems (in this bank),1,Used car,None,1,1295,27,No Account,18,More than 1,2,< 1yr,0.656,0.344,1
1,1,4,None,Other Banks/Depts,1,2,Paid Up,1,Home Related,£100-£1000,1,1715,26,No Account,30,1,3,< 1yr,0.422,0.578,0
1,2,4,None,Other Banks/Depts,2,2,No Problems (in this bank),1,Home Related,£100-£1000,1,1347,27,Some Balance,10,More than 1,2,1-4 yrs,0.728,0.272,1
1,1,4,None,Other Banks/Depts,1,2,Paid Up,1,Home Related,£100-£1000,1,1007,22,No Account,12,1,1,< 1yr,0.524,0.476,1
1,3,2,None,Other Banks/Depts,1,2,No Problems (in this bank),1,Home Related,None,2,2096,49,Some Balance,12,1,1,1-4 yrs,0.878,0.122,1
1,2,3,None,Other Banks/Depts,2,2,Paid Up,1,Home Related,None,1,1101,27,Some Balance,12,More than 1,1,< 1yr,0.936,0.064,1
1,3,4,None,Other Banks/Depts,2,2,Paid Up,1,Home Related,£100-£1000,1,894,40,Some Balance,10,1,2,1-4 yrs,0.744,0.256,1
1,1,1,None,Other Banks/Depts,1,2,Some Problems,1,Home Related,£100-£1000,1,8358,30,No Account,48,More than 1,3,< 1yr,0.598,0.402,1
1,2,4,None,Other Banks/Depts,1,2,Paid Up,1,Home Related,< £100,1,7408,24,No Account,60,1,2,< 1yr,0.386,0.614,0
1,3,1,None,Other Banks/Depts,2,2,No Problems (in this bank),1,Home Related,< £100,2,9857,31,No Account,36,More than 1,2,1-4 yrs,0.586,0.414,1
1,4,4,None,Other Banks/Depts,2,2,No Problems (in this bank),1,Used car,None,1,1935,43,Some Balance,12,More than 1,1,4-7 yrs,0.91,0.09,1
1,3,4,None,Other Banks/Depts,2,2,Paid Up,1,Home Related,£100-£1000,1,10222,37,Some Balance,48,1,3,1-4 yrs,0.81,0.19,1
1,4,2,None,Other Banks/Depts,2,3,Paid Up,1,Home Related,£100-£1000,2,9055,35,Some Balance,36,1,4,< 1yr,0.84,0.16,1
1,2,4,None,Other Banks/Depts,2,2,Some Problems,1,Used car,£100-£1000,2,3496,34,No Account,30,1,3,< 1yr,0.546,0.454,1
1,2,4,None,Other Banks/Depts,1,2,Paid Up,1,Used car,None,2,3446,42,No Account,36,1,3,4-7 yrs,0.55,0.45,1
1,4,4,None,Other Banks/Depts,1,1,Paid Up,1,Home Related,None,2,684,40,No Account,12,1,3,< 1yr,0.43,0.57,0
1,1,1,None,Other Banks/Depts,1,2,Paid Up,1,Used car,< £100,1,2359,33,No Account,24,1,2,< 1yr,0.848,0.152,1
1,4,2,None,Other Banks/Depts,1,2,Paid Up,1,Home Related,< £100,1,3621,31,Some Balance,24,More than 1,3,4-7 yrs,0.9,0.1,1
1,3,4,None,Other Banks/Depts,1,2,Paid Up,1,Home Related,< £100,1,741,22,No Account,12,1,2,< 1yr,0.392,0.608,0
1,4,4,None,Other Banks/Depts,2,3,Paid Up,1,Used car,None,1,7865,53,No Account,12,1,4,4-7 yrs,0.404,0.596,0
1,4,2,None,Other Banks/Depts,2,3,No Problems (in this bank),1,Home Related,None,1,5302,36,No Account,18,More than 1,4,4-7 yrs,0.534,0.466,1
1,1,4,Yes,Other Banks/Depts,1,2,Paid Up,1,Home Related,None,1,3509,25,No Account,18,1,1,1-4 yrs,0.678,0.322,1
1,2,2,None,Other Banks/Depts,1,2,Paid Up,1,Used car,None,1,1657,27,No Account,12,1,1,< 1yr,0.812,0.188,1
1,4,4,Yes,Other Banks/Depts,2,1,No Problems (in this bank),1,Used car,None,1,6229,23,No Account,36,More than 1,4,< 1yr,0.252,0.748,0
1,2,2,Yes,Other Banks/Depts,1,2,Some Problems,1,Used car,None,1,4583,32,No Account,30,More than 1,1,< 1yr,0.452,0.548,0
1,2,3,Yes,Other Banks/Depts,1,2,No Problems (in this bank),1,Used car,None,1,5371,28,No Account,36,More than 1,2,< 1yr,0.258,0.742,0
1,2,2,None,Other Banks/Depts,1,2,Paid Up,1,Used car,None,2,2712,41,No Account,36,1,2,4-7 yrs,0.748,0.252,1
2,1,4,None,Other Banks/Depts,2,2,No Problems (in this bank),1,Used car,None,1,1050,35,No Account,6,More than 1,2,< 1yr,0.904,0.096,1
1,3,4,None,Other Banks/Depts,1,2,No Problems (in this bank),1,Home Related,None,1,609,37,No Account,6,More than 1,2,1-4 yrs,0.888,0.112,1
1,4,4,None,Other Banks/Depts,1,3,Paid Up,1,Used car,< £100,1,3069,30,No Account,24,1,4,4-7 yrs,0.74,0.26,1
1,2,4,None,Other Banks/Depts,1,2,Paid Up,1,Home Related,< £100,1,836,23,No Account,12,1,2,< 1yr,0.438,0.562,0
1,1,4,Yes,Other Banks/Depts,1,1,Paid Up,1,Used car,None,1,1845,46,No Account,15,1,2,< 1yr,0.694,0.306,1
1,2,4,None,Other Banks/Depts,2,3,Paid Up,1,New car,None,1,6579,29,No Account,24,1,4,< 1yr,0.508,0.492,1
1,4,2,None,Other Banks/Depts,1,2,Paid Up,1,Used car,None,1,3108,31,No Account,30,1,2,< 1yr,0.718,0.282,1
1,2,4,Yes,Other Banks/Depts,2,2,No Problems (in this bank),1,Home Related,None,1,6314,27,Some Balance,24,More than 1,4,< 1yr,0.656,0.344,1
1,2,2,Yes,Other Banks/Depts,1,2,Paid Up,1,Used car,None,2,3590,29,No Account,12,1,2,< 1yr,0.894,0.106,1
1,4,4,None,Other Banks/Depts,2,3,No Problems (in this bank),1,Used car,None,1,1872,36,No Account,6,More than 1,4,< 1yr,0.828,0.172,1
1,4,4,None,Other Banks/Depts,2,2,Paid Up,1,Home Related,£100-£1000,2,1238,36,Some Balance,6,1,2,< 1yr,0.77,0.23,1
1,4,3,None,Other Banks/Depts,1,3,Paid Up,1,Used car,None,1,2578,55,No Account,12,1,4,< 1yr,0.738,0.262,1
1,3,4,None,Other Banks/Depts,1,1,No Problems (in this bank),1,Used car,None,1,1433,25,No Account,15,More than 1,2,< 1yr,0.736,0.264,1
1,4,2,Yes,Other Banks/Depts,1,3,Paid Up,1,Used car,None,2,7882,45,No Account,42,1,2,1-4 yrs,0.44,0.56,0
1,4,4,None,Other Banks/Depts,1,2,Paid Up,1,Used car,None,1,4169,28,No Account,24,1,2,< 1yr,0.608,0.392,1
1,3,4,None,Other Banks/Depts,2,2,Paid Up,1,Used car,None,1,3959,30,No Account,36,1,2,< 1yr,0.434,0.566,0
1,4,2,None,Other Banks/Depts,2,3,Paid Up,1,Home Related,None,2,3249,39,No Account,36,1,4,1-4 yrs,0.608,0.392,1
1,1,4,None,Other Banks/Depts,1,3,Paid Up,1,Used car,None,1,3149,22,No Account,24,1,4,< 1yr,0.588,0.412,1
1,1,3,None,Other Banks/Depts,1,2,No Problems (in this bank),1,Home Related,None,1,1797,28,No Account,13,More than 1,2,< 1yr,0.724,0.276,1
1,4,1,None,Other Banks/Depts,1,2,No Problems (in this bank),1,Used car,None,1,4272,24,No Account,20,More than 1,2,4-7 yrs,0.584,0.416,1
1,4,4,None,Other Banks/Depts,2,2,No Problems (in this bank),1,New car,None,1,2957,63,No Account,24,More than 1,2,4-7 yrs,0.828,0.172,1
1,1,2,None,Other Banks/Depts,1,2,Some Problems,1,Home Related,None,1,6289,33,Some Balance,42,More than 1,2,< 1yr,0.636,0.364,1
1,3,2,Yes,Other Banks/Depts,1,2,Paid Up,1,Home Related,None,1,15857,43,No Account,36,1,3,< 1yr,0.256,0.744,0
1,4,4,None,Other Banks/Depts,1,2,No Problems (in this bank),1,Home Related,< £100,1,2223,52,Some Balance,24,More than 1,2,4-7 yrs,0.874,0.126,1
1,2,4,None,Other Banks/Depts,1,2,No Problems (in this bank),1,Home Related,< £100,1,2503,41,No Account,30,More than 1,2,4-7 yrs,0.73,0.27,1
1,4,4,None,Other Banks/Depts,1,2,Paid Up,1,Home Related,£100-£1000,1,368,38,No Account,6,1,2,4-7 yrs,0.844,0.156,1
1,4,4,None,Other Banks/Depts,1,2,No Problems (in this bank),1,Home Related,£100-£1000,1,2424,53,Some Balance,24,More than 1,2,4-7 yrs,0.894,0.106,1
1,2,4,None,Other Banks/Depts,1,2,No Problems (in this bank),1,Home Related,£100-£1000,1,2427,42,No Account,18,More than 1,2,4-7 yrs,0.738,0.262,1
1,4,4,None,Other Banks/Depts,1,2,No Problems (in this bank),1,Home Related,< £100,2,1216,38,No Account,24,More than 1,4,< 1yr,0.59,0.41,1
1,3,2,Yes,Other Banks/Depts,1,2,Paid Up,1,Home Related,None,1,753,64,No Account,6,1,1,< 1yr,0.904,0.096,1
2,3,3,None,Other Banks/Depts,1,2,Paid Up,1,Home Related,None,1,590,26,No Account,6,1,1,< 1yr,0.936,0.064,1
1,4,4,None,Other Banks/Depts,1,2,No Problems (in this bank),1,Home Related,None,1,713,47,No Account,8,More than 1,1,4-7 yrs,0.954,0.046,1
1,4,4,Yes,Other Banks/Depts,2,2,Paid Up,1,Home Related,None,1,1092,49,No Account,12,More than 1,1,< 1yr,0.652,0.348,1
1,1,1,Yes,Other Banks/Depts,1,2,Paid Up,1,Home Related,None,1,2329,45,No Account,7,1,1,< 1yr,0.934,0.066,1
1,4,4,Yes,Other Banks/Depts,1,2,No Problems (in this bank),1,Home Related,None,1,882,23,No Account,13,More than 1,1,< 1yr,0.69,0.31,1
1,2,3,Yes,Other Banks/Depts,1,2,Paid Up,1,Home Related,None,1,2415,34,No Account,7,1,1,< 1yr,0.934,0.066,1
1,4,2,Yes,Other Banks/Depts,1,2,Paid Up,1,Home Related,None,1,2101,23,No Account,13,1,2,< 1yr,0.566,0.434,1
1,4,4,Yes,Other Banks/Depts,1,2,Paid Up,1,Home Related,None,2,1113,26,No Account,18,1,1,< 1yr,0.554,0.446,1
1,4,2,None,Other Banks/Depts,2,2,No Problems (in this bank),1,Home Related,< £100,2,1323,28,Some Balance,6,More than 1,3,4-7 yrs,0.818,0.182,1
1,2,4,Yes,Other Banks/Depts,2,2,No Problems (in this bank),1,Home Related,£100-£1000,1,2728,35,No Account,15,More than 1,1,1-4 yrs,0.834,0.166,1
1,4,4,None,Other Banks/Depts,1,2,Some Problems,1,Home Related,None,1,1048,23,No Account,10,1,1,< 1yr,0.44,0.56,0
1,3,3,Yes,Other Banks/Depts,1,2,Paid Up,1,Home Related,None,1,1155,40,No Account,12,More than 1,1,4-7 yrs,0.674,0.326,1
1,4,3,None,Other Banks/Depts,2,1,No Problems (in this bank),1,New car,£100-£1000,2,7057,36,No Account,20,More than 1,2,1-4 yrs,0.768,0.232,1
1,4,4,Yes,Other Banks/Depts,2,2,No Problems (in this bank),1,Home Related,£100-£1000,1,1537,50,No Account,15,More than 1,1,4-7 yrs,0.78,0.22,1
1,3,4,None,Other Banks/Depts,1,2,Paid Up,1,Home Related,None,1,2214,24,No Account,12,1,2,< 1yr,0.542,0.458,1
1,3,4,None,Other Banks/Depts,1,2,No Problems (in this bank),1,Used car,None,1,1585,40,Some Balance,24,More than 1,2,1-4 yrs,0.95,0.05,1
1,2,4,None,Other Banks/Depts,1,2,Paid Up,1,Used car,None,1,1521,31,No Account,10,1,3,< 1yr,0.826,0.174,1
1,2,3,None,Other Banks/Depts,1,2,Some Problems,1,Home Related,£100-£1000,1,3990,29,No Account,36,1,4,< 1yr,0.488,0.512,0
1,1,1,None,Other Banks/Depts,1,2,Paid Up,1,Used car,None,1,3049,45,Some Balance,18,1,2,< 1yr,0.962,0.038,1
1,2,4,None,Other Banks/Depts,1,2,Paid Up,1,Home Related,< £100,1,1282,32,No Account,24,1,3,< 1yr,0.508,0.492,1
1,4,2,None,Other Banks/Depts,2,2,Paid Up,1,Home Related,< £100,1,10144,21,Some Balance,60,1,1,1-4 yrs,0.664,0.336,1
1,3,4,None,Other Banks/Depts,1,2,Paid Up,1,Home Related,None,1,1168,27,No Account,12,1,1,< 1yr,0.598,0.402,1
1,2,3,None,Other Banks/Depts,1,1,Paid Up,1,Used car,None,1,1768,24,Some Balance,12,1,1,< 1yr,0.946,0.054,1
1,4,2,None,Other Banks/Depts,2,2,No Problems (in this bank),1,Home Related,None,1,15653,21,Some Balance,60,More than 1,3,1-4 yrs,0.462,0.538,0
1,4,3,None,Other Banks/Depts,1,3,Paid Up,1,New car,£100-£1000,1,8335,47,No Account,36,1,4,4-7 yrs,0.542,0.458,1
1,4,3,None,Other Banks/Depts,2,2,No Problems (in this bank),1,New car,None,1,5800,34,No Account,36,More than 1,3,< 1yr,0.632,0.368,1
1,2,1,None,Other Banks/Depts,2,1,No Problems (in this bank),1,Home Related,£100-£1000,1,8471,23,No Account,18,More than 1,3,< 1yr,0.486,0.514,0
1,4,4,None,Other Banks/Depts,2,1,Paid Up,1,Used car,£100-£1000,1,3622,57,No Account,30,More than 1,2,4-7 yrs,0.722,0.278,1
1,4,4,None,Other Banks/Depts,2,2,No Problems (in this bank),1,Home Related,£100-£1000,1,1169,67,No Account,6,More than 1,1,4-7 yrs,0.908,0.092,1
1,3,4,None,Other Banks/Depts,2,2,Paid Up,1,Home Related,£100-£1000,1,1262,36,Some Balance,15,More than 1,2,1-4 yrs,0.896,0.104,1
1,4,4,Yes,Other Banks/Depts,1,2,No Problems (in this bank),1,Home Related,None,1,3394,65,No Account,42,More than 1,3,< 1yr,0.342,0.658,0
1,4,4,None,Other Banks/Depts,1,2,No Problems (in this bank),1,Home Related,£100-£1000,1,6304,36,Some Balance,36,More than 1,1,4-7 yrs,0.824,0.176,1
1,3,2,Yes,Other Banks/Depts,1,1,Paid Up,1,Home Related,None,1,3518,26,Some Balance,6,1,2,< 1yr,0.88,0.12,1
1,2,2,None,Other Banks/Depts,1,2,Paid Up,1,Home Related,< £100,1,5595,24,No Account,72,1,3,< 1yr,0.474,0.526,0
1,2,3,None,Other Banks/Depts,1,2,No Problems (in this bank),1,New car,None,1,2993,28,Some Balance,21,More than 1,1,< 1yr,0.898,0.102,1
1,2,3,None,Other Banks/Depts,2,2,No Problems (in this bank),1,New car,£100-£1000,2,8947,31,Some Balance,36,1,3,1-4 yrs,0.91,0.09,1
1,3,1,None,Other Banks/Depts,2,1,Paid Up,1,New car,None,1,2779,21,No Account,18,1,3,< 1yr,0.75,0.25,1
1,2,1,None,Other Banks/Depts,2,3,Some Problems,1,New car,None,1,9283,55,No Account,42,1,4,< 1yr,0.356,0.644,0
1,4,3,None,Other Banks/Depts,2,1,No Problems (in this bank),1,New car,£100-£1000,1,3368,23,Some Balance,15,More than 1,4,4-7 yrs,0.914,0.086,1
1,4,2,None,Other Banks/Depts,1,3,Paid Up,1,New car,None,2,5493,42,No Account,36,1,4,4-7 yrs,0.534,0.466,1
1,4,4,None,Other Banks/Depts,1,2,Paid Up,1,Home Related,None,1,1082,37,No Account,9,More than 1,3,4-7 yrs,0.728,0.272,1
1,4,3,None,Other Banks/Depts,2,2,Some Problems,1,New car,< £100,1,6148,31,No Account,20,More than 1,3,4-7 yrs,0.684,0.316,1
1,4,2,None,Other Banks/Depts,1,2,Paid Up,1,Home Related,£100-£1000,1,3059,61,Some Balance,12,1,1,1-4 yrs,0.902,0.098,1
1,4,2,None,Other Banks/Depts,1,2,Paid Up,1,Used car,£100-£1000,1,2996,20,No Account,24,1,3,< 1yr,0.71,0.29,1
1,4,1,None,Other Banks/Depts,1,2,No Problems (in this bank),1,New car,£100-£1000,1,7596,63,Some Balance,30,More than 1,3,4-7 yrs,0.796,0.204,1
1,2,1,None,Other Banks/Depts,1,1,Paid Up,1,Used car,None,1,1766,21,Some Balance,6,1,2,< 1yr,0.912,0.088,1
1,4,4,None,Other Banks/Depts,2,3,Paid Up,1,New car,£100-£1000,1,2760,36,No Account,24,1,4,4-7 yrs,0.73,0.27,1
1,3,4,None,Other Banks/Depts,1,2,Paid Up,1,Home Related,None,1,654,28,No Account,9,1,3,< 1yr,0.622,0.378,1
1,3,4,None,Other Banks/Depts,1,3,No Problems (in this bank),1,Home Related,£100-£1000,2,1136,32,No Account,9,More than 1,4,4-7 yrs,0.772,0.228,1
1,4,4,None,Other Banks/Depts,1,2,No Problems (in this bank),1,Home Related,None,1,1199,60,No Account,24,More than 1,3,4-7 yrs,0.676,0.324,1
1,4,4,None,Other Banks/Depts,1,2,Some Problems,1,Home Related,None,1,1082,48,No Account,12,More than 1,3,< 1yr,0.41,0.59,0
1,4,4,None,Other Banks/Depts,1,3,Paid Up,1,Home Related,None,1,2600,65,No Account,18,More than 1,4,< 1yr,0.422,0.578,0
1,4,1,None,Other Banks/Depts,2,2,Some Problems,1,Home Related,£100-£1000,1,5003,29,Some Balance,21,More than 1,2,< 1yr,0.592,0.408,1
1,4,4,None,Other Banks/Depts,1,2,No Problems (in this bank),1,Home Related,None,2,2538,47,Some Balance,24,More than 1,3,4-7 yrs,0.884,0.116,1
1,2,4,None,Other Banks/Depts,1,2,Paid Up,1,Home Related,None,1,1478,22,Some Balance,9,1,3,1-4 yrs,0.81,0.19,1
1,2,2,Yes,Other Banks/Depts,1,2,No Problems (in this bank),1,Home Related,None,1,4933,25,No Account,39,More than 1,1,1-4 yrs,0.288,0.712,0
1,2,3,None,Other Banks/Depts,1,2,No Problems (in this bank),1,Home Related,None,1,1530,32,Some Balance,18,More than 1,2,< 1yr,0.814,0.186,1
1,2,4,None,Other Banks/Depts,1,1,Paid Up,1,Home Related,£100-£1000,1,1275,24,No Account,15,1,3,< 1yr,0.366,0.634,0
1,2,4,None,Other Banks/Depts,1,2,Paid Up,1,Home Related,None,2,1823,30,No Account,24,1,3,< 1yr,0.418,0.582,0
1,2,3,None,Other Banks/Depts,2,3,Paid Up,1,Home Related,None,1,1422,27,No Account,9,1,4,< 1yr,0.626,0.374,1
1,1,2,None,Other Banks/Depts,2,2,Paid Up,1,Home Related,None,1,9271,24,No Account,36,1,3,1-4 yrs,0.252,0.748,0
1,4,1,None,Other Banks/Depts,2,1,No Problems (in this bank),1,Used car,None,1,3384,44,No Account,6,1,1,< 1yr,0.934,0.066,1
1,2,4,None,Other Banks/Depts,1,2,No Problems (in this bank),1,Home Related,None,1,1245,33,No Account,18,1,3,< 1yr,0.408,0.592,0
1,2,3,None,Other Banks/Depts,2,2,Paid Up,1,Home Related,< £100,1,4623,40,Some Balance,15,1,2,< 1yr,0.744,0.256,1
1,2,2,None,Other Banks/Depts,1,2,No Problems (in this bank),1,Used car,None,1,8386,49,No Account,30,1,2,1-4 yrs,0.572,0.428,1
1,4,4,None,Other Banks/Depts,1,2,No Problems (in this bank),1,Home Related,None,1,1024,48,No Account,24,1,1,< 1yr,0.624,0.376,1
1,1,4,None,Other Banks/Depts,1,3,Some Problems,1,Home Related,None,1,2149,29,No Account,12,1,4,< 1yr,0.326,0.674,0
1,2,3,None,Other Banks/Depts,2,2,Paid Up,1,Home Related,£100-£1000,1,2397,35,Some Balance,24,More than 1,3,4-7 yrs,0.956,0.044,1
1,1,1,None,Other Banks/Depts,1,2,Some Problems,1,Home Related,< £100,1,931,32,No Account,6,1,2,< 1yr,0.51,0.49,1
1,1,2,None,Other Banks/Depts,2,2,Some Problems,1,Used car,None,1,6872,55,No Account,24,1,2,< 1yr,0.416,0.584,0
1,4,4,None,Other Banks/Depts,1,2,Paid Up,1,Home Related,None,1,795,53,No Account,12,1,2,< 1yr,0.596,0.404,1
1,4,4,None,Other Banks/Depts,2,3,Some Problems,1,Home Related,None,1,1953,61,No Account,36,1,4,4-7 yrs,0.202,0.798,0
1,1,2,None,Other Banks/Depts,1,1,No Problems (in this bank),1,Home Related,None,1,2319,33,Some Balance,21,1,3,< 1yr,0.736,0.264,1
1,2,4,None,Other Banks/Depts,1,2,Paid Up,1,Home Related,£100-£1000,1,915,29,No Account,24,1,3,4-7 yrs,0.644,0.356,1
1,2,4,None,Other Banks/Depts,1,2,Paid Up,1,Home Related,£100-£1000,1,1381,35,No Account,24,1,2,< 1yr,0.542,0.458,1
1,4,4,None,Other Banks/Depts,1,1,Paid Up,1,Home Related,£100-£1000,1,1285,32,No Account,24,1,4,1-4 yrs,0.568,0.432,1
1,2,4,None,Other Banks/Depts,1,2,Paid Up,1,Home Related,£100-£1000,1,1042,33,No Account,18,1,2,< 1yr,0.59,0.41,1
1,4,4,None,Other Banks/Depts,1,1,Paid Up,1,Home Related,None,1,1207,24,No Account,24,1,2,< 1yr,0.53,0.47,1
1,3,3,None,Other Banks/Depts,1,2,Some Problems,1,Home Related,< £100,1,2278,28,No Account,18,More than 1,3,< 1yr,0.494,0.506,0
1,2,4,None,Other Banks/Depts,2,1,Paid Up,1,Used car,None,1,3345,39,No Account,24,1,2,4-7 yrs,0.792,0.208,1
1,4,4,None,Other Banks/Depts,1,3,Some Problems,1,Home Related,None,1,1198,35,No Account,6,1,4,4-7 yrs,0.424,0.576,0
1,4,4,None,Other Banks/Depts,1,2,Paid Up,1,Home Related,None,1,1943,23,Some Balance,18,1,1,< 1yr,0.716,0.284,1
1,2,2,None,Other Banks/Depts,1,2,Paid Up,1,Home Related,None,1,3190,24,No Account,18,1,1,< 1yr,0.572,0.428,1
1,1,4,None,Other Banks/Depts,1,2,No Problems (in this bank),1,Used car,None,1,1808,22,Some Balance,18,1,1,1-4 yrs,0.864,0.136,1
1,4,3,None,Other Banks/Depts,1,2,Paid Up,1,Used car,None,1,1237,24,No Account,8,1,1,< 1yr,0.776,0.224,1
1,2,1,Yes,Other Banks/Depts,2,2,Paid Up,1,Home Related,£100-£1000,1,10961,27,No Account,48,More than 1,4,1-4 yrs,0.526,0.474,1
1,3,4,None,Other Banks/Depts,1,2,Paid Up,1,Home Related,None,1,1938,32,No Account,24,1,2,< 1yr,0.56,0.44,1
1,2,3,None,Other Banks/Depts,2,2,Paid Up,1,Home Related,None,1,1835,25,No Account,21,More than 1,1,< 1yr,0.346,0.654,0
1,2,4,None,Other Banks/Depts,2,1,No Problems (in this bank),1,Home Related,None,1,1659,29,No Account,24,1,3,< 1yr,0.386,0.614,0
1,4,4,None,Other Banks/Depts,2,2,No Problems (in this bank),1,Home Related,None,1,1209,47,No Account,6,1,2,< 1yr,0.85,0.15,1
1,4,4,None,Other Banks/Depts,1,3,Some Problems,1,Home Related,< £100,2,3844,34,No Account,48,1,4,1-4 yrs,0.566,0.434,1
1,4,3,Yes,Other Banks/Depts,2,1,No Problems (in this bank),1,Home Related,None,1,4843,43,No Account,12,More than 1,2,4-7 yrs,0.582,0.418,1
1,2,4,None,Other Banks/Depts,2,2,No Problems (in this bank),1,Home Related,None,1,4463,26,Some Balance,36,More than 1,3,< 1yr,0.636,0.364,1
1,4,1,None,Other Banks/Depts,1,1,Paid Up,1,New car,None,1,11560,23,No Account,24,More than 1,3,< 1yr,0.362,0.638,0
1,2,2,None,Other Banks/Depts,1,2,Some Problems,1,Home Related,None,2,4165,36,Some Balance,18,More than 1,3,< 1yr,0.626,0.374,1
1,3,3,None,Other Banks/Depts,2,2,Paid Up,1,Used car,None,1,4057,43,No Account,24,1,3,1-4 yrs,0.654,0.346,1
1,4,2,None,Other Banks/Depts,2,2,Some Problems,1,Home Related,None,2,6458,39,Some Balance,18,More than 1,4,4-7 yrs,0.604,0.396,1
1,4,4,None,Other Banks/Depts,2,2,Paid Up,1,Home Related,£100-£1000,1,1977,40,No Account,36,1,4,4-7 yrs,0.588,0.412,1
1,3,2,Yes,Other Banks/Depts,2,2,Paid Up,1,Home Related,None,1,11328,29,No Account,24,More than 1,3,< 1yr,0.302,0.698,0
1,4,3,None,Other Banks/Depts,2,3,Some Problems,1,Home Related,< £100,1,14782,60,No Account,60,More than 1,4,4-7 yrs,0.404,0.596,0
1,4,4,None,Other Banks/Depts,1,2,Some Problems,1,Home Related,None,1,626,24,No Account,12,1,1,< 1yr,0.414,0.586,0
1,4,4,None,Other Banks/Depts,1,1,Paid Up,1,Home Related,None,1,2302,31,No Account,36,1,3,< 1yr,0.366,0.634,0
1,3,4,None,Other Banks/Depts,2,2,Paid Up,1,Home Related,< £100,1,727,33,No Account,12,1,4,< 1yr,0.404,0.596,0
1,2,4,None,Other Banks/Depts,1,2,Paid Up,1,Home Related,£100-£1000,1,3914,38,Some Balance,48,1,1,< 1yr,0.856,0.144,1
1,1,1,None,Other Banks/Depts,1,1,Paid Up,1,Home Related,None,1,1534,23,No Account,12,1,1,< 1yr,0.712,0.288,1
1,4,3,None,Other Banks/Depts,2,3,No Problems (in this bank),1,Home Related,£100-£1000,1,1271,39,Some Balance,15,More than 1,4,< 1yr,0.916,0.084,1
1,1,3,None,Other Banks/Depts,1,1,Paid Up,1,Home Related,None,1,1295,25,No Account,12,1,3,< 1yr,0.402,0.598,0
1,4,4,None,Other Banks/Depts,1,1,Paid Up,1,Used car,< £100,1,951,27,No Account,12,More than 1,3,< 1yr,0.708,0.292,1
1,4,3,None,Other Banks/Depts,1,2,Paid Up,1,Home Related,None,1,3051,54,No Account,48,1,3,< 1yr,0.354,0.646,0
1,4,3,Yes,Other Banks/Depts,1,1,Paid Up,1,Home Related,None,1,433,22,Some Balance,18,1,1,< 1yr,0.836,0.164,1
1,2,4,None,Other Banks/Depts,1,2,No Problems (in this bank),1,Home Related,None,1,5234,28,No Account,30,More than 1,3,< 1yr,0.146,0.854,0
1,4,3,None,Other Banks/Depts,1,1,Paid Up,1,Home Related,None,1,1366,22,No Account,9,1,2,< 1yr,0.662,0.338,1
1,1,4,None,Other Banks/Depts,1,2,Paid Up,1,Used car,None,1,2473,25,No Account,18,1,3,< 1yr,0.68,0.32,1
1,4,4,None,Other Banks/Depts,1,3,Paid Up,1,Home Related,None,1,7763,42,No Account,48,1,4,4-7 yrs,0.194,0.806,0
1,2,2,None,Other Banks/Depts,1,1,Some Problems,1,Home Related,< £100,1,1264,25,No Account,15,1,2,< 1yr,0.324,0.676,0
1,2,3,None,Other Banks/Depts,1,2,Paid Up,1,Home Related,< £100,1,6560,24,No Account,48,1,2,1-4 yrs,0.522,0.478,1
1,1,4,None,Other Banks/Depts,1,2,Paid Up,1,Home Related,None,1,3123,27,No Account,24,1,2,< 1yr,0.588,0.412,1
1,4,4,None,Other Banks/Depts,2,2,No Problems (in this bank),1,New car,None,1,9629,24,No Account,36,More than 1,3,1-4 yrs,0.414,0.586,0
1,2,4,None,Other Banks/Depts,1,2,Paid Up,1,Used car,None,1,1131,33,No Account,18,1,3,< 1yr,0.614,0.386,1
1,4,3,None,Other Banks/Depts,2,3,Paid Up,1,New car,None,1,12976,38,No Account,18,1,4,< 1yr,0.39,0.61,0
1,2,4,None,Other Banks/Depts,2,2,Paid Up,1,Home Related,None,2,3915,36,No Account,27,1,3,< 1yr,0.404,0.596,0
1,1,4,None,Other Banks/Depts,1,2,Paid Up,1,Home Related,None,2,2579,33,No Account,12,1,1,< 1yr,0.748,0.252,1
1,3,2,Yes,Other Banks/Depts,1,2,Paid Up,1,Used car,None,1,4153,42,No Account,18,1,3,< 1yr,0.656,0.344,1
1,4,1,None,Other Banks/Depts,1,1,Some Problems,1,Used car,None,1,3114,26,No Account,18,1,2,< 1yr,0.526,0.474,1
1,4,4,None,Other Banks/Depts,1,1,No Problems (in this bank),1,Used car,None,1,2124,24,No Account,18,More than 1,1,< 1yr,0.508,0.492,1
1,4,4,None,Other Banks/Depts,1,1,Paid Up,1,Used car,None,1,2406,23,No Account,30,1,1,1-4 yrs,0.668,0.332,1
1,2,4,None,Other Banks/Depts,1,3,No Problems (in this bank),1,Home Related,None,2,1333,43,No Account,24,More than 1,1,< 1yr,0.55,0.45,1
1,3,4,None,Other Banks/Depts,1,2,No Problems (in this bank),1,Home Related,None,1,691,35,No Account,12,More than 1,2,4-7 yrs,0.828,0.172,1
1,2,3,None,Other Banks/Depts,2,2,No Problems (in this bank),1,Home Related,None,2,4370,26,No Account,42,More than 1,2,1-4 yrs,0.352,0.648,0
1,4,3,None,Other Banks/Depts,1,1,Some Problems,1,Used car,None,2,4110,23,No Account,24,More than 1,4,4-7 yrs,0.466,0.534,0
1,2,2,None,Other Banks/Depts,1,2,Paid Up,1,Used car,None,1,2462,22,No Account,18,1,3,< 1yr,0.72,0.28,1
1,4,2,None,Other Banks/Depts,1,1,Paid Up,1,Used car,None,1,1282,20,No Account,12,1,3,< 1yr,0.682,0.318,1
1,3,4,None,Other Banks/Depts,1,1,Some Problems,1,Used car,None,1,2969,25,No Account,12,More than 1,2,< 1yr,0.522,0.478,1
1,4,3,None,Other Banks/Depts,1,3,Some Problems,1,New car,None,2,4605,24,No Account,48,More than 1,4,4-7 yrs,0.522,0.478,1
1,4,4,None,Other Banks/Depts,2,3,No Problems (in this bank),1,New car,None,1,6331,46,No Account,48,More than 1,4,4-7 yrs,0.432,0.568,0
1,4,2,None,Other Banks/Depts,2,2,Some Problems,1,Home Related,None,1,5293,50,No Account,27,More than 1,2,< 1yr,0.374,0.626,0
1,1,2,None,Other Banks/Depts,1,2,No Problems (in this bank),1,Home Related,None,1,3414,26,No Account,21,More than 1,2,< 1yr,0.484,0.516,0
1,4,4,None,Other Banks/Depts,2,3,Paid Up,1,New car,None,2,10297,39,No Account,48,More than 1,4,1-4 yrs,0.414,0.586,0
1,2,2,None,Other Banks/Depts,2,2,Some Problems,1,Home Related,None,1,14421,25,No Account,48,1,3,< 1yr,0.224,0.776,0
1,3,3,Yes,Other Banks/Depts,1,2,No Problems (in this bank),1,Home Related,None,1,1056,30,No Account,18,More than 1,1,4-7 yrs,0.736,0.264,1
1,3,2,None,Other Banks/Depts,1,2,Paid Up,1,Home Related,None,1,1372,36,No Account,12,1,3,1-4 yrs,0.61,0.39,1
1,4,4,None,Other Banks/Depts,2,2,No Problems (in this bank),1,Home Related,None,2,884,36,No Account,18,1,3,4-7 yrs,0.57,0.43,1
1,4,2,None,Other Banks/Depts,2,2,No Problems (in this bank),1,Home Related,< £100,1,8086,42,No Account,36,More than 1,3,4-7 yrs,0.588,0.412,1
1,2,2,None,Other Banks/Depts,1,3,No Problems (in this bank),1,Home Related,£100-£1000,1,10127,44,Some Balance,48,1,4,< 1yr,0.878,0.122,1
1,4,1,None,Other Banks/Depts,2,3,Paid Up,1,Home Related,£100-£1000,1,12389,37,No Account,36,1,4,< 1yr,0.564,0.436,1
1,4,4,None,Other Banks/Depts,1,2,Paid Up,1,Home Related,None,1,709,57,No Account,12,1,1,4-7 yrs,0.752,0.248,1
1,2,1,None,Other Banks/Depts,2,2,Some Problems,1,Home Related,< £100,2,6850,34,No Account,15,1,2,< 1yr,0.552,0.448,1
1,2,2,None,Other Banks/Depts,1,1,Paid Up,1,Used car,None,1,2210,25,Some Balance,10,1,1,< 1yr,0.956,0.044,1
1,1,4,None,Other Banks/Depts,2,2,Some Problems,1,New car,£100-£1000,1,7485,53,Some Balance,30,1,1,< 1yr,0.8,0.2,1
1,2,4,None,Other Banks/Depts,1,2,No Problems (in this bank),1,Home Related,None,1,4746,24,No Account,45,More than 1,2,< 1yr,0.144,0.856,0
1,2,4,None,Other Banks/Depts,2,2,No Problems (in this bank),1,Home Related,£100-£1000,1,939,28,Some Balance,12,More than 1,1,1-4 yrs,0.89,0.11,1
1,4,2,None,Other Banks/Depts,1,1,No Problems (in this bank),1,New car,< £100,1,11590,24,Some Balance,48,More than 1,3,< 1yr,0.666,0.334,1
1,1,4,None,Other Banks/Depts,1,2,Some Problems,1,Home Related,None,1,609,26,Some Balance,12,1,1,< 1yr,0.592,0.408,1
1,4,2,None,Other Banks/Depts,1,3,No Problems (in this bank),1,Home Related,None,2,1190,55,No Account,18,More than 1,4,< 1yr,0.54,0.46,1
1,2,4,None,Other Banks/Depts,1,1,Paid Up,1,Home Related,< £100,1,2767,61,No Account,21,More than 1,3,4-7 yrs,0.654,0.346,1
1,4,2,Yes,Other Banks/Depts,1,1,Paid Up,1,Used car,< £100,1,3441,21,No Account,30,1,3,< 1yr,0.62,0.38,1
1,4,2,None,Other Banks/Depts,1,1,Paid Up,1,Home Related,£100-£1000,1,6761,68,Some Balance,18,More than 1,3,< 1yr,0.462,0.538,0
1,4,3,None,Other Banks/Depts,2,1,Some Problems,1,Home Related,None,1,15945,58,No Account,54,1,4,< 1yr,0.194,0.806,0
1,4,4,None,Other Banks/Depts,2,1,Paid Up,1,Used car,None,1,3234,23,No Account,24,1,1,< 1yr,0.642,0.358,1
1,3,4,None,Other Banks/Depts,1,2,Paid Up,1,Home Related,None,2,802,37,No Account,15,1,3,4-7 yrs,0.44,0.56,0
1,2,4,None,Other Banks/Depts,1,2,Some Problems,1,Home Related,£100-£1000,2,1647,40,No Account,21,More than 1,2,< 1yr,0.338,0.662,0
1,4,2,None,Other Banks/Depts,2,3,Some Problems,1,Home Related,None,1,8318,42,No Account,27,More than 1,4,4-7 yrs,0.324,0.676,0
1,4,4,None,Other Banks/Depts,1,2,Paid Up,1,Home Related,None,1,448,23,No Account,6,1,2,< 1yr,0.666,0.334,1
1,1,1,None,Other Banks/Depts,2,2,Paid Up,1,Home Related,None,1,11998,34,No Account,30,1,4,< 1yr,0.388,0.612,0
1,2,1,None,Other Banks/Depts,2,2,Paid Up,1,Used car,£100-£1000,1,2762,25,No Account,12,1,2,4-7 yrs,0.836,0.164,1
1,4,3,None,Other Banks/Depts,2,3,Paid Up,1,New car,None,1,3386,35,No Account,12,1,4,4-7 yrs,0.808,0.192,1
1,1,1,None,Other Banks/Depts,2,2,Paid Up,1,Home Related,None,1,2039,22,No Account,24,1,2,< 1yr,0.602,0.398,1
1,4,4,None,Other Banks/Depts,1,1,Paid Up,1,Home Related,None,1,1882,25,No Account,18,More than 1,3,< 1yr,0.338,0.662,0
1,1,1,Yes,Other Banks/Depts,2,2,Paid Up,1,Home Related,None,1,6999,34,No Account,48,More than 1,1,1-4 yrs,0.544,0.456,1
1,2,1,None,Other Banks/Depts,1,2,Paid Up,1,Home Related,None,1,976,23,No Account,18,1,3,< 1yr,0.494,0.506,0
1,4,3,None,Other Banks/Depts,2,1,Paid Up,1,Home Related,None,1,2718,20,No Account,24,1,2,< 1yr,0.5,0.5,0
1,1,4,None,Other Banks/Depts,1,2,Paid Up,1,Home Related,None,1,750,27,No Account,18,1,1,< 1yr,0.658,0.342,1
1,4,1,None,Other Banks/Depts,2,1,No Problems (in this bank),1,Home Related,None,1,3966,33,No Account,18,More than 1,1,4-7 yrs,0.654,0.346,1
1,2,4,None,Other Banks/Depts,2,1,Some Problems,1,Home Related,None,1,6199,28,No Account,12,More than 1,2,< 1yr,0.36,0.64,0
1,4,2,None,Other Banks/Depts,1,1,Paid Up,1,Home Related,None,2,1987,21,No Account,24,1,1,< 1yr,0.46,0.54,0
1,1,4,Yes,Other Banks/Depts,1,2,Paid Up,1,Home Related,None,1,2303,45,No Account,24,1,1,4-7 yrs,0.758,0.242,1
1,4,4,None,Other Banks/Depts,1,2,Paid Up,1,Used car,£100-£1000,1,6350,31,No Account,30,1,2,4-7 yrs,0.61,0.39,1